id,label,country,Lat ,Lon
AAB,Arrabury,Australia,-26.75,141.0
ABG,Abingdon,Australia,-17.666667,143.2
ABH,Alpha,Australia,-23.7,146.583333
ABM,Bamaga,Australia,-10.950833,142.459444
ABX,Albury,Australia,-36.06003538,146.9200138
ADL,Adelaide,Australia,-34.945,138.530556
ADO,Andamooka,Australia,-30.43097329,137.1655704
AGW,Agnew,Australia,-12.15,142.15
AGY,Argyle Downs,Australia,-16.35,128.75
ALH,Albany,Australia,-35.0,117.9
AMT,Amata,Australia,-26.2,131.116667
AMX,Ammaroo,Australia,-21.74,135.24
ANZ,Angus Downs,Australia,-25.083333,132.166667
ARM,Armidale,Australia,-30.51231199,151.667476
ARY,Ararat,Australia,-37.27954751,142.9099743
ASP,Alice Springs,Australia,-23.8,133.883333
AUD,Augustus Downs,Australia,-18.666667,139.933333
AUU,Aurukun,Australia,-13.353889,141.720833
AVG,Auvergne,Australia,-15.75,129.916667
AVV,Melbourne (AU),Australia,-38.033333,144.466667
AWN,Alton Downs,Australia,-26.483333,139.316667
AWP,Austral Downs,Australia,-20.333333,137.25
AXC,Aramac,Australia,-23.083333,145.25
AYD,Alroy Downs,Australia,-19.3,135.95
AYL,Anthony Lagoon,Australia,-18.016667,135.55
AYQ,Ayers Rock,Australia,-25.333333,131.033333
AYR,Ayr,Australia,-19.57024087,147.3994677
BBE,Big Bell,Australia,-27.416667,117.666667
BCI,Barcaldine,Australia,-23.56617267,145.2833695
BCK,Bolwarra,Australia,-17.4,144.166667
BCZ,Bickerton Island,Australia,-13.783333,137.8
BDB,Bundaberg,Australia,-24.87906411,152.3508968
BDD,Badu Island,Australia,-10.116667,142.133333
BDW,Bedford Downs,Australia,-17.3,127.466667
BEE,Beagle Bay,Australia,-12.983333,141.6
BEO,Belmont,Australia,-33.033333,151.666667
BEU,Bedourie,Australia,-24.34958738,139.4666186
BFC,Bloomfield River,Australia,-15.9,145.333333
BHQ,Broken Hill,Australia,-31.94995034,141.4331136
BHS,Bathurst (AU),Australia,-33.416667,149.65
BHT,Brighton Downs,Australia,-23.5,141.633333
BIP,Bulimba,Australia,-16.15,143.75
BIW,Billiluna,Australia,-19.583333,127.633333
BKP,Barkly Downs,Australia,-21.033333,138.25
BKQ,Blackall,Australia,-24.416667,145.416667
BLN,Benalla,Australia,-36.55,145.983333
BLS,Bollon,Australia,-28.033333,147.366667
BLT,Blackwater,Australia,-23.583333,148.883333
BME,Broome,Australia,-17.96177069,122.2307681
BMP,Brampton Island,Australia,-20.783333,149.233333
BNE,Brisbane,Australia,-27.45503091,153.0350927
BNK,Ballina,Australia,-28.86135333,153.5679801
BOX,Borroloola,Australia,-16.083333,136.3
BQB,Busselton,Australia,-33.65640949,115.3486592
BQL,Boulia,Australia,-22.89959837,139.9000288
BQW,Balgo Hills,Australia,-20.133333,127.8
BRJ,Bright,Australia,-36.733333,146.966667
BRK,Bourke,Australia,-30.1,145.9333333
BRT,Bathurst Island,Australia,-11.766667,130.633333
BSJ,Bairnsdale,Australia,-37.82959145,147.6099975
BTD,Brunette Downs,Australia,-18.633333,135.933333
BTX,Betoota,Australia,-25.633333,140.8
BUC,Burketown,Australia,-17.71609048,139.5666125
BUY,Bunbury,Australia,-33.34428384,115.6502429
BVI,Birdsville,Australia,-25.89962197,139.3666247
BVW,Batavia Downs,Australia,-12.45,143.25
BVZ,Beverley Springs,Australia,-17.983333,125.45
BWB,Barrow Island,Australia,-20.8,115.383333
BWQ,Brewarrina,Australia,-29.966667,146.816667
BWT,Burnie,Australia,-41.06660317,145.9166642
BWU,Sydney Bankstown,Australia,-33.916667,150.983333
BXF,Belburn,Australia,-33.1,145.0
BXG,Bendigo,Australia,-36.75999266,144.2800199
BYP,Barimunya,Australia,-22.67,119.17
BYX,Baniyala,Australia,-13.2,136.233333
BZD,Balranald,Australia,-34.633333,143.55
BZP,Bizant,Australia,-15.216667,144.633333
CAZ,Cobar,Australia,-31.533333,145.8
CBC,Cherrabun,Australia,-18.666667,125.366667
CBI,Cape Barren Island,Australia,-31.983333,132.15
CBR,Canberra,Australia,-35.28302855,149.1290262
CBX,Condobolin,Australia,-33.066667,147.2
CBY,Canobie,Australia,-19.633333,140.916667
CCL,Chinchilla,Australia,-26.783333,150.616667
CCW,Cowell,Australia,-33.68286782,136.9166451
CDA,Cooinda,Australia,-12.9,132.516667
CDQ,Croydon,Australia,-18.3,142.25
CDU,Camden,Australia,-34.040278,150.687222
CED,Ceduna,Australia,-32.09913464,133.6622674
CES,Cessnock,Australia,-32.083333,151.083333
CFH,Clifton Hills,Australia,-26.516667,139.45
CFI,Camfield,Australia,-17.15,131.35
CFP,Carpentaria Downs,Australia,-18.783333,144.35
CFS,Coffs Harbour,Australia,-30.3070532,153.1122973
CGV,Caiguna,Australia,-32.266667,125.466667
CIE,Collie,Australia,-33.35,116.15
CJF,Coondewanna,Australia,-22.97,118.8
CKI,Croker Island,Australia,-11.083333,132.5
CLH,Coolah,Australia,-31.833333,149.7
CMA,Cunnamulla,Australia,-28.033333,145.616667
CMD,Cootamundra,Australia,-34.633333,148.05
CML,Camooweal,Australia,-19.91673134,138.1166752
CMQ,Clermont,Australia,-22.866667,147.5
CNB,Coonamble,Australia,-30.983333,148.383333
CNC,Coconut Island,Australia,-10.05,143.066667
CNJ,Cloncurry,Australia,-20.69999103,140.4999922
CNS,Cairns,Australia,-16.88783986,145.7633309
COB,Coolibah,Australia,-15.666667,130.966667
COJ,Coonabarabran,Australia,-31.333333,149.266667
COY,Coolawanyah,Australia,-21.8,117.766667
CPD,Coober Pedy,Australia,-29.05,134.75
CQP,Cape Flattery,Australia,-18.2,147.5
CRB,Collarenebri,Australia,-29.525833,148.575833
CRH,Cherribah,Australia,-27.65,151.95
CRJ,Coorabie,Australia,-31.9,132.3
CRY,Carlton Hill,Australia,-15.7,128.5
CSD,Cresswell Downs,Australia,-17.966667,135.916667
CTL,Charleville,Australia,-26.40000486,146.2500288
CTN,Cooktown,Australia,-15.45,145.183333
CTR,Cattle Creek,Australia,-17.583333,131.0
CUD,Caloundra,Australia,-26.80003213,153.1333296
CUG,Cudal,Australia,-33.3,148.702778
CUQ,Coen,Australia,-13.783333,143.116667
CUY,Cue,Australia,-27.45,117.916667
CVC,Cleve,Australia,-33.7,136.5
CVQ,Carnarvon,Australia,-24.89983803,113.6501066
CWR,Cowarie,Australia,-27.716667,138.333333
CWT,Cowra,Australia,-33.82962889,148.6800097
CWW,Corowa,Australia,-35.983333,146.35
CXQ,Christmas Creek,Australia,-18.916667,125.916667
CXT,Charters Towers,Australia,-20.08090737,146.2587105
CYG,Corryong,Australia,-36.25,147.9
CZY,Cluny,Australia,-24.5,139.5
DAJ,Dauan Island,Australia,-9.433333,142.516667
DBO,Dubbo,Australia,-32.25995726,148.5973274
DBY,Dalby,Australia,-27.19385822,151.2657434
DCN,Derby,Australia,-17.29999184,123.9666345
DDI,Daydream Is,Australia,-20.166667,148.183333
DDN,Delta Downs,Australia,-16.916667,141.3
DFP,Drumduff,Australia,-16.0,143.033333
DGD,Dalgaranga,Australia,-27.766667,117.033333
DGE,Mudgee,Australia,-32.58960122,149.5801098
DHD,Durham Downs,Australia,-27.066667,141.916667
DKI,Dunk Island,Australia,-17.933333,146.166667
DKV,Docker River,Australia,-24.866667,129.116667
DLK,Dulkaninna,Australia,-29.016667,139.466667
DLV,Delissaville,Australia,-12.416667,130.341667
DMD,Doomadgee Mission,Australia,-18.0,138.833333
DNB,Dunbar,Australia,-16.083333,142.416667
DNG,Doongan,Australia,13.662778,122.3275
DNM,Denham,Australia,-25.916667,113.533333
DNQ,Deniliquin,Australia,-35.5295768,144.9500048
DOX,Dongara,Australia,-29.25,114.933333
DPO,Devonport,Australia,-41.19266757,146.3311017
DRD,Dorunda Station,Australia,-16.516667,142.366667
DRN,Dirranbandi,Australia,-28.5,148.258333
DRR,Durrie,Australia,-25.6,140.25
DRW,Darwin,Australia,-12.416667,130.866667
DVP,Davenport Downs,Australia,-24.166667,141.083333
DVR,Daly River,Australia,-13.75,130.683333
DXD,Dixie,Australia,-15.166667,143.666667
DYA,Dysart,Australia,-22.533333,149.383333
DYM,Diamantina Lakes,Australia,-23.866667,141.25
DYW,Daly Waters,Australia,-16.266667,133.366667
ECH,Echuca,Australia,-36.12959186,144.750017
EDD,Erldunda,Australia,-25.23330605,133.1999727
EDR,Pormpuraaw,Australia,-14.9,141.616667
EIH,Einasleigh,Australia,-18.5,144.1
EKD,Elkedra,Australia,-21.033333,135.25
ELC,Elcho Island,Australia,-12.016667,135.566667
EMD,Emerald,Australia,-23.51222247,148.1673278
ENB,Eneabba West,Australia,-30.083333,114.983333
EPR,Esperance,Australia,-33.857307,121.8888973
ERB,Ernabella,Australia,-26.266667,132.166667
ETD,Etadunna,Australia,-28.716667,138.633333
EUC,Eucla,Australia,-31.716667,128.866667
EVD,Eva Downs,Australia,-18.083333,134.866667
EVH,Evans Head,Australia,-29.1,153.416667
EXM,Exmouth Gulf,Australia,-22.383333,114.116667
FIK,Finke,Australia,-25.583333,134.6
FIZ,Fitzroy Crossing,Australia,-18.166667,125.55
FLC,Falls Creek,Australia,-34.983333,150.6
FLS,Flinders Island,Australia,-40.083333,148.0
FLY,Finley,Australia,-35.65,145.583333
FOS,Forrest,Australia,-30.838056,128.115
FOT,Forster,Australia,32.183333,152.516667
FRB,Forbes,Australia,-33.38960407,148.0199983
FSL,Fossil Downs,Australia,-18.2,125.75
FVL,Flora Valey,Australia,-18.333333,128.0
FVR,Forrest River Airport,Australia,-15.3,128.066667
GAH,Gayndah,Australia,-25.616667,151.616667
GBL,Goulburn Island,Australia,-11.666667,133.416667
GBP,Gamboola,Australia,-16.55,143.666667
GBV,Gibb River,Australia,-16.333333,126.366667
GDD,Gordon Downs,Australia,-18.833333,128.533333
GET,Geraldton,Australia,-28.77,114.61
GEX,Geelong,Australia,-38.16749505,144.3956335
GFE,Grenfell,Australia,-33.9,148.166667
GFF,Griffith,Australia,-34.29001422,146.0400158
GFN,Grafton,Australia,-29.71199909,152.9376827
GGD,Gregory Downs,Australia,-18.7,139.25
GIC,Boigu Island,Australia,-9.266667,142.2
GKL,Great Keppel Island,Australia,-23.183333,150.95
GLG,Glengyle,Australia,-24.766667,139.583333
GLI,Glen Innes,Australia,-29.683333,151.7
GLM,Glenormiston,Australia,-22.283333,138.316667
GLT,Gladstone,Australia,-23.8533386,151.2467264
GLY,Goldsworthy,Australia,-20.083333,119.666667
GOO,Goondiwindi,Australia,-28.55480874,150.325284
GOS,Gosford,Australia,-33.433333,151.35
GOV,Nhulunbuy,Australia,-12.166667,136.675
GPN,Garden Point,Australia,-11.4,130.433333
GSC,Gascoyne Junction,Australia,-25.05,115.2
GSN,Mount Gunson,Australia,-31.866667,138.2
GTE,Groote Eylandt,Australia,-14.0,136.5
GTS,The Granites,Australia,-26.966667,133.616667
GUH,Gunnedah,Australia,-30.9870117,150.2622904
GUL,Goulburn,Australia,-34.74957273,149.7101794
GVP,Greenvale,Australia,-15.783333,144.616667
GYL,Argyle,Australia,-16.640833,128.45
GYP,Gympie,Australia,-26.18859658,152.6709289
HAT,Heathlands,Australia,-19.720833,140.583333
HBA,Hobart,Australia,-42.9,147.3
HCQ,Halls Creek,Australia,-18.26670286,127.7667126
HGD,Hughenden,Australia,-20.85000771,144.2000248
HID,Horn Island,Australia,-10.536667,142.29
HIG,Highbury,Australia,-16.433333,143.15
HIH,Hook Island,Australia,-20.166667,148.95
HIP,Headingly,Australia,-21.316667,138.3
HIS,Hayman Island,Australia,-20.066667,148.866667
HLL,Hillside,Australia,-17.0,128.008333
HLS,St Helens,Australia,-41.0,148.175
HLV,Helenvale,Australia,-15.683333,145.2
HMG,Hermannsburg,Australia,-23.966667,132.666667
HNK,Hinchinbrook Island,Australia,-18.383333,146.283333
HOK,Hooker Creek,Australia,-18.366667,130.666667
HPE,Hope Vale,Australia,-14.666667,144.916667
HRY,Henbury,Australia,-24.666667,133.083333
HSM,Horsham,Australia,-36.70960814,142.1900183
HTI,Hamilton Island,Australia,-20.358056,148.951667
HTU,Hopetoun,Australia,-35.716667,142.35
HUB,Humbert River,Australia,-16.483333,130.633333
HVB,Hervey Bay,Australia,-25.28870319,152.8409444
HWK,Wilpena Pound,Australia,-31.883333,138.4
HXX,Hay,Australia,-34.516667,144.833333
IDK,Indulkana,Australia,-26.966667,133.325
IFF,Iffley,Australia,-18.916667,141.25
IFL,Innisfail,Australia,-17.53134723,146.0386722
IGH,Ingham,Australia,-18.64957355,146.1666231
IKP,Inkerman,Australia,-16.25,141.5
INJ,Injune,Australia,-25.85,148.55
INM,Innamincka,Australia,-27.833333,140.833333
IRG,Lockhart River,Australia,-12.783333,143.3
ISA,Mount Isa,Australia,-20.72386554,139.490028
ISI,Isisford,Australia,-24.2,144.416667
IVR,Inverell,Australia,-29.7667761,151.1125744
IVW,Inverway,Australia,-17.766667,129.233333
JAB,Jabiru,Australia,-10.216667,132.566667
JAD,Jandakot,Australia,-32.0975,115.881111
JCK,Julia Creek,Australia,-20.583333,141.7
JHQ,Shute Harbour H/P,Australia,-20.283333,148.75
JUN,Jundah,Australia,-24.8,143.033333
JUR,Jurien Bay,Australia,-30.269722,115.05
KAH,City Heliport,Australia,-37.716667,145.0
KAX,Kalbarri,Australia,-27.66618081,114.1666642
KBB,Kirkimbie,Australia,-17.766667,129.216667
KBD,Kimberley Downs,Australia,-17.4,124.366667
KBJ,Kings Canyon,Australia,-24.261389,131.490833
KBY,Streaky Bay,Australia,-32.81187176,134.2149296
KCE,Collinsville,Australia,-20.55,147.866667
KCS,Kings Creek Station,Australia,24.383333,131.683333
KDB,Kambalda,Australia,-31.2,121.666667
KDS,Kamaran Downs,Australia,-24.333333,139.166667
KFG,Kalkurung,Australia,-17.433333,130.816667
KGC,Kingscote,Australia,-35.713889,137.521389
KGI,Kalgoorlie-Boulder,Australia,-30.789444,121.461667
KGR,Kulgera,Australia,-25.833333,133.5
KGY,Kingaroy,Australia,-26.53896279,151.840592
KKP,Koolburra,Australia,-15.583333,143.95
KML,Kamileroi,Australia,-19.5,140.083333
KNI,Katanning,Australia,-33.69955931,117.5500752
KNS,King Island,Australia,-39.883056,143.883056
KNX,Kununurra,Australia,-15.76659707,128.7333203
KOH,Koolatah,Australia,-15.966667,142.416667
KPP,Kalpowar,Australia,-14.883333,144.216667
KPS,Kempsey,Australia,-31.08736733,152.8220308
KQB,Koonibba,Australia,-31.966667,133.45
KRA,Kerang,Australia,-35.75,143.933333
KRB,Karumba,Australia,-17.48333982,140.8334086
KRD,Kurundi,Australia,-20.5,134.633333
KTA,Karratha,Australia,-20.73037677,116.8700134
KTR,Tindal,Australia,-14.516667,132.366667
KUG,Kubin Island,Australia,-10.25,142.216667
KWM,Kowanyama,Australia,-15.487778,141.76
KYB,Yangoonabie,Australia,-31.466667,130.066667
KYF,Yeelirrie,Australia,-27.277778,120.075
KYI,Yalata Mission,Australia,-31.483333,131.866667
LBH,Palm Beach SPB,Australia,33.966667,151.25
LCN,Balcanoona,Australia,-30.533333,139.316667
LDC,Lindeman Island,Australia,-20.45,149.05
LDH,Lord Howe Island,Australia,-31.516667,159.05
LDW,Lansdowne,Australia,-17.583333,126.833333
LEA,Learmonth,Australia,-22.233333,114.1
LEL,Lake Evella,Australia,-12.216667,136.25
LER,Leinster,Australia,-27.833333,120.616667
LFP,Lakefield,Australia,-14.916667,144.333333
LGE,Lake Gregory,Australia,-28.916667,139.0
LGH,Leigh Creek,Australia,-30.466667,138.416667
LHG,Lightning Ridge,Australia,-29.4,147.966667
LIB,Limbunya,Australia,-17.333333,129.833333
LKD,Lakeland Downs,Australia,-16.166667,145.5
LLG,Chillagoe,Australia,-17.133333,144.533333
LLL,Lissadell,Australia,-16.5,128.666667
LLP,Linda Downs,Australia,-23.016667,138.7
LLT,Lilydale Airport,Australia,-37.691667,145.366667
LNH,Lake Nash,Australia,-21.0,137.916667
LNO,Leonora,Australia,-28.883333,121.3
LOA,Lorraine,Australia,-19.083333,139.966667
LOC,Lock,Australia,-33.566667,135.766667
LRE,Longreach,Australia,-23.44959064,144.2500476
LST,Launceston,Australia,-41.44983559,147.1301818
LSY,Lismore,Australia,-28.81665322,153.2931132
LTP,Lyndhurst,Australia,-19.2,144.383333
LTV,Lotusvale,Australia,-17.083333,141.366667
LUT,Laura Station,Australia,-15.433333,144.816667
LUU,Laura,Australia,-15.666667,144.166667
LVO,Laverton,Australia,-28.62700071,122.4040425
LWH,Lawn Hill,Australia,-18.633333,138.633333
LYT,Lady Elliot Island,Australia,-24.116667,152.7
LZR,Lizard Island,Australia,-14.666667,145.466667
MBB,Marble Bar,Australia,-21.25,119.583333
MBF,Mount Buffalo,Australia,-22.583333,149.466667
MBH,Maryborough,Australia,-25.54910073,152.7209
MBN,Mt Barnett,Australia,-16.666667,125.95
MBW,Moorabbin,Australia,-37.975833,145.102222
MCV,Mcarthur River Mine,Australia,-16.466667,136.083333
MCY,Sunshine Coast,Australia,-26.67998777,153.0500272
MEB,Melbourne (AU),Australia,-37.7,144.866667
MEL,Melbourne (AU),Australia,-37.673333,144.843333
MET,Moreton,Australia,-12.75,142.766667
MFL,Mount Full Stop,Australia,-19.666667,144.9
MFP,Manners Creek,Australia,-22.1,137.983333
MGB,Mount Gambier,Australia,-37.83134845,140.7650406
MGT,Milingimbi Island,Australia,-12.1,134.9
MGV,Margaret River,Australia,-18.616667,126.883333
MHO,Mount House,Australia,-17.166667,125.666667
MHU,Mount Hotham,Australia,-37.166667,146.166667
MIH,Mitchell Plateau,Australia,-14.783333,125.816667
MIM,Merimbula,Australia,-36.89962238,149.9000386
MIN,Minnipa,Australia,-32.833333,135.133333
MIY,Mittiebah,Australia,-18.5,136.266667
MIZ,Mainoru,Australia,-14.3,134.083333
MJK,Shark Bay,Australia,-25.8,113.716667
MJP,Manjimup,Australia,-34.23332518,116.1500057
MKR,Meekatharra,Australia,-26.59999266,118.4832999
MKV,Mt Cavenagh,Australia,-25.966667,133.2
MKY,Mackay,Australia,-21.14389158,149.1500069
MLR,Millicent,Australia,-37.633333,140.583333
MLV,Merluna,Australia,-13.066667,142.45
MMG,Mount Magnet,Australia,-28.06620807,117.8166739
MMM,Middlemount,Australia,-22.8025,148.704722
MNE,Mungeranie,Australia,-28.016667,138.666667
MNG,Maningrida,Australia,-12.05,134.216667
MNQ,Monto,Australia,-24.883333,151.1
MNV,Mountain Valley,Australia,-14.116667,133.833333
MNW,Macdonald Downs,Australia,-22.5,135.166667
MOO,Moomba,Australia,-28.133333,140.233333
MOV,Moranbah,Australia,-22.00156533,148.0380334
MQA,Mandora,Australia,-19.833333,120.833333
MQE,Marqua,Australia,-22.816667,137.35
MQL,Mildura,Australia,-34.18500771,142.1513643
MRG,Mareeba,Australia,-17.0,145.433333
MRL,Miners Lake,Australia,-20.066667,145.583333
MRP,Marla,Australia,-27.033333,133.116667
MRT,Moroak,Australia,-14.816667,133.7
MRZ,Moree,Australia,-29.469895,149.8300687
MSF,Mount Swan,Australia,-22.666667,134.916667
MTD,Mt Sandford,Australia,-16.983333,130.55
MTL,Maitland,Australia,-32.72096271,151.555028
MTQ,Mitchell,Australia,-26.4,147.9
MUP,Mulga Park,Australia,-25.85,131.6
MUQ,Muccan,Australia,-20.633333,120.033333
MVH,Macksville,Australia,-30.716667,152.916667
MVK,Mulka,Australia,-28.35,138.65
MVU,Musgrave,Australia,-14.166667,143.683333
MWB,Morawa,Australia,-29.21626707,116.0000406
MWT,Moolawatana,Australia,-29.916667,139.716667
MWY,Miranda Downs,Australia,-17.366667,141.866667
MXD,Marion Downs,Australia,-23.5,139.666667
MXQ,Mitchell River,Australia,-15.666667,141.8
MXU,Mullewa,Australia,-28.55,115.516667
MYA,Moruya,Australia,-35.9,150.133333
MYI,Murray Island,Australia,-9.933333,144.016667
MYO,Myroodah,Australia,-18.2,124.2
NAA,Narrabri,Australia,-30.33190957,149.7874357
NAC,Naracoorte,Australia,-36.966667,140.583333
NBH,Nambucca Heads,Australia,-30.65,153.0
NBR,Nambour,Australia,-26.633333,152.95
NDS,Sandstone,Australia,-28.0,119.25
NGA,Young,Australia,-34.30959959,148.2900077
NIF,Nifty,Australia,-21.67,121.59
NKB,Noonkanbah,Australia,-18.5,124.833333
NLF,Darnley Island,Australia,-9.566667,143.75
NLL,Nullagine,Australia,-21.75,120.2
NLS,Nicholson,Australia,-18.041667,128.9
NMP,New Moon,Australia,-20.166667,143.966667
NMR,Nappa Merry,Australia,-27.633333,141.083333
NOA,Nowra,Australia,-34.88284625,150.6000476
NPP,Napperby,Australia,-22.633333,132.833333
NRA,Narrandera,Australia,-34.7,146.516667
NRG,Narrogin,Australia,-32.93288776,117.1666361
NRY,Newry,Australia,-16.083333,129.341667
NSA,Noosa,Australia,26.25,153.166667
NSM,Norseman,Australia,-32.20001259,121.7666137
NSO,Scone,Australia,-32.07960651,150.8501098
NSV,Noosaville,Australia,-26.4,153.066667
NTL,Newcastle (AU),Australia,-32.795,151.834444
NTN,Normanton,Australia,-17.7,141.066667
NUB,Numbulwar,Australia,-14.266667,135.716667
NUR,Nullarbor,Australia,-31.433333,130.916667
NYN,Nyngan,Australia,-31.55,147.183333
OAG,Orange,Australia,-33.27999835,149.0999841
OCM,Boolgeeda,Australia,-22.54,117.3
ODD,Oodnadatta,Australia,-27.55,135.433333
ODL,Cordillo Downs,Australia,-26.833333,140.75
ODR,Ord River,Australia,-17.35,128.9
OKB,Fraser Island,Australia,-25.0,153.283333
OKR,Yorke Island,Australia,-9.733333,143.416667
OKY,Oakey,Australia,-27.402778,151.733333
OLP,Olympic Dam,Australia,-30.485,136.876667
ONG,Mornington Island,Australia,-16.583333,139.3
ONR,Monkira,Australia,-24.816667,140.533333
ONS,Onslow,Australia,-21.65759354,115.0962959
OOL,Gold Coast,Australia,-28.08150429,153.4482458
OOM,Cooma,Australia,-36.23955931,149.1200345
OOR,Mooraberree,Australia,-25.245,140.980833
OPI,Oenpelli,Australia,-12.333333,133.083333
ORR,Yorketown,Australia,-35.033333,137.6
ORS,Waterport,Australia,-18.633333,146.483333
OXO,Orientos,Australia,-28.133333,141.533333
OXY,Morney,Australia,-25.366667,141.466667
OYN,Ouyen,Australia,-35.06619424,142.3166772
PBO,Paraburdoo,Australia,-23.233333,117.516667
PBY,Hamilton/Proserpine,Australia,-35.5,148.733333
PDE,Pandie Pandie,Australia,-26.133333,139.383333
PDN,Parndana,Australia,-35.8,137.216667
PEA,Penneshaw,Australia,-35.733333,137.933333
PEP,Peppimenarti,Australia,-14.15,130.1
PER,Perth,Australia,-32.0,115.9
PEY,Penong,Australia,-31.916667,133.016667
PHE,Port Hedland,Australia,-20.31040241,118.6060315
PHJ,Port Hunter,Australia,-32.916667,151.766667
PKE,Parkes,Australia,-33.12956826,148.170015
PKT,Port Keats,Australia,-14.25,129.533333
PLO,Port Lincoln,Australia,-34.73324298,135.86658
PPI,Port Pirie,Australia,-33.19106321,137.9900162
PPP,Proserpine,Australia,-20.41623574,148.5834781
PQQ,Port Macquarie,Australia,-31.44501992,152.9186657
PRD,Pardoo,Australia,-20.133333,119.583333
PTE,Port Stephens,Australia,-32.75,153.8
PTI,Port Douglas,Australia,-16.48458812,145.4587219
PTJ,Portland (AU),Australia,-38.383333,141.633333
PUG,Port Augusta,Australia,-32.49002073,137.7700297
RAM,Ramingining,Australia,-12.0,134.816667
RBC,Robinvale,Australia,-34.65,142.783333
RBS,Orbost,Australia,-37.7,148.5
RBU,Roebourne,Australia,-20.7829317,117.1333048
RCM,Richmond (AU),Australia,-20.716944,143.116667
RCN,American River,Australia,-35.783333,137.783333
RDA,Rockhampton Downs,Australia,-18.95,135.2
RHL,Roy Hill,Australia,-22.633333,119.966667
RKY,Rokeby,Australia,-13.65,142.616667
RLP,Rosella Plains,Australia,-18.433333,144.466667
RMA,Roma,Australia,-26.55937498,148.7907006
RMK,Renmark,Australia,-34.2,140.683333
ROH,Robinhood,Australia,-18.85,143.7
ROK,Rockhampton,Australia,-23.36391111,150.5200008
RPB,Roper Bar,Australia,-14.75,134.55
RPM,Ngukurr,Australia,-14.833333,134.916667
RPV,Roper Valley,Australia,-15.033333,134.033333
RRE,Marree,Australia,-29.65,138.066667
RSB,Roseberth,Australia,-25.783333,139.616667
RSE,Rose Bay,Australia,-33.866667,151.266667
RTP,Rutland Plains,Australia,-15.6,141.833333
RTS,Rottnest Island,Australia,-32.0,115.533333
RTY,Merty,Australia,-29.0,138.733333
RVT,Ravensthorpe,Australia,-33.58287392,120.0333345
SBR,Saibai Island,Australia,-9.4,142.666667
SCG,Spring Creek,Australia,-18.633333,144.55
SFP,Surfers Paradise,Australia,-28.0,153.433333
SGO,St George (AU),Australia,-28.083333,148.75
SGP,Shay Gap,Australia,-20.483333,120.1
SHQ,Southport,Australia,-27.951944,153.417778
SHT,Shepparton,Australia,-36.37458982,145.3913732
SHU,Smith Point,Australia,-11.166667,133.833333
SIO,Smithton,Australia,-40.83292234,145.1166613
SIX,Singleton,Australia,-32.56949909,151.1600134
SNB,Snake Bay,Australia,-11.333333,130.75
SNH,Stanthorpe,Australia,-28.633333,151.966667
SOI,South Molle Island,Australia,-20.0,149.0
SQC,Southern Cross,Australia,-31.216145,119.3166857
SQP,Starcke,Australia,-14.2,147.166667
SRM,Sandringham,Australia,-24.05,139.066667
SRN,Strahan,Australia,-42.15,145.3
SRR,Dunwich,Australia,-27.0,153.0
SSK,Sturt Creek,Australia,-19.333333,128.133333
SSP,Silver Plains,Australia,-13.983333,143.55
STF,Stephen Island,Australia,-9.5,143.566667
STH,Strathmore,Australia,-17.833333,142.533333
SWB,Shaw River,Australia,-21.516667,119.366667
SWC,Stawell,Australia,-37.05961261,142.7600093
SWH,Swan Hill,Australia,-35.33961424,143.5400134
SWZ,Sydney West,Australia,-33.883333,150.716667
SXE,Sale,Australia,-38.10957436,147.0600052
SYD,Sydney (AU),Australia,-33.946111,151.177222
SYU,Warraber Island,Australia,-10.516667,142.366667
TAN,Tangalooma,Australia,-27.178056,153.373611
TAQ,Tarcoola,Australia,-33.433333,142.583333
TBK,Timber Creek,Australia,-44.766667,169.1
TBL,Tableland,Australia,-17.0,145.0
TCA,Tennant Creek,Australia,-19.65002928,134.200015
TCW,Tocumwal,Australia,-35.816667,145.566667
TDN,Theda Station,Australia,-33.1,145.0
TDR,Theodore,Australia,-24.94949909,150.0833349
TEF,Telfer,Australia,-23.083333,115.683333
TEM,Temora,Australia,-34.433333,147.533333
TGN,La Trobe Regional,Australia,-38.183333,146.533333
THG,Thangool,Australia,-24.493889,150.576111
TKY,Turkey Creek,Australia,-30.333333,142.75
TMW,Tamworth,Australia,-31.10261188,150.9171342
TPR,Tom Price,Australia,-22.69346108,117.7930578
TRO,Taree,Australia,-31.89760211,152.4618461
TSV,Townsville,Australia,-19.24995034,146.7699971
TUM,Tumut,Australia,-35.30959023,148.2200378
TWB,Toowoomba,Australia,-27.542778,151.916389
TWN,Tewantin,Australia,-26.383333,153.033333
TWP,Torwood,Australia,-26.583333,147.55
TXR,Tanbar,Australia,-25.833333,141.916667
TYB,Tibooburra,Australia,-29.433333,142.016667
TYG,Thylungra,Australia,-26.066667,143.466667
TYP,Tobermorey,Australia,-22.283333,137.916667
UBB,Mabuiag Island,Australia,-9.95,142.183333
UBU,Kalumburu,Australia,-14.416667,126.666667
UIR,Quirindi,Australia,-31.490556,150.513889
ULP,Quilpie,Australia,-26.61663247,144.2500476
UMR,Woomera,Australia,-31.14958576,136.8000114
USL,Useless Loop,Australia,-25.966667,113.116667
UTB,Muttaburra,Australia,-22.588056,144.526667
UTD,Nutwood Downs,Australia,-15.833333,134.166667
VCD,Victoria River Downs,Australia,-16.405,131.003333
VNR,Vanrook,Australia,-16.866667,141.916667
WAN,Waverney,Australia,-25.366667,141.933333
WAU,Wauchope,Australia,-31.45,152.733333
WAV,Kalkgurung,Australia,-17.65,130.883333
WAZ,Warwick,Australia,-28.22924721,152.0203226
WBA,Wahai,Australia,-10.3,142.683333
WDI,Wondai,Australia,-26.316667,151.866667
WEI,Weipa,Australia,-12.66663125,141.8666272
WEW,Wee Waa,Australia,-30.233333,149.433333
WGA,Wagga Wagga,Australia,-35.12215981,147.3399882
WGE,Walgett,Australia,-30.033333,148.133333
WGT,Wangaratta,Australia,-36.36001707,146.3
WHL,Welshpool,Australia,-38.688889,146.45
WIN,Winton,Australia,-22.39962889,143.0332743
WIO,Wilcannia,Australia,-31.56620115,143.3833304
WIT,Wittenoom,Australia,-22.266667,118.333333
WKB,Warracknabeal,Australia,-36.333333,142.25
WLA,Wallal,Australia,-19.766667,120.65
WLC,Walcha,Australia,-30.983333,151.6
WLE,Miles,Australia,-26.66,150.18
WLL,Wollogorang,Australia,-17.216667,137.916667
WLP,West Angelas,Australia,-23.18,118.76
WMB,Warrnambool,Australia,-38.37999713,142.4700012
WME,Mount Keith,Australia,-27.286389,120.554722
WND,Windarra,Australia,-28.266667,121.833333
WNR,Windorah,Australia,-25.43324217,142.6501969
WOG,Woodgreen,Australia,-22.5,134.25
WOL,Wollongong,Australia,-34.41538125,150.890004
WON,Wondoola,Australia,-18.666667,140.916667
WPK,Wrotham Park,Australia,-16.633333,144.0
WRN,Windarling,Australia,-30.56,119.3
WRW,Warrawagine,Australia,-20.966667,120.7
WSY,Whitsunday Airstrip,Australia,-20.283333,148.783333
WTB,Toowoomba,Australia,-27.56,141.796
WUD,Wudinna,Australia,-33.016667,135.619444
WUN,Wiluna,Australia,-26.633333,120.216667
WWI,Woodie Woodie,Australia,-21.6,121.2
WWY,West Wyalong,Australia,-33.933333,147.25
WYA,Whyalla,Australia,-33.02502684,137.5614119
WYN,Wyndham,Australia,-15.37395953,128.3600614
XCO,Colac,Australia,-38.33953449,143.5800109
XHW,Alice Springs Railway,Australia,-23.566667,145.8
XHX,Adelaide Keswick Rail,Australia,-33.1375,136.303056
XJG,Darwin Railway,Australia,-33.1,145.0
XMC,Mallacoota,Australia,-37.6,149.716667
XML,Minlaton,Australia,-34.766667,137.6
XMY,Yam Island,Australia,-10.483333,142.45
XRH,Richmond AFB,Australia,-33.6,150.1
XTG,Thargomindah,Australia,-27.99995888,143.816689
XTO,Taroom,Australia,-25.65,149.8
XTR,Tara,Australia,-27.0,150.0
YLG,Yalgoo,Australia,-28.35,116.666667
YNN,Yandi,Australia,-21.416667,120.166667
YUE,Yuendumu,Australia,-22.266667,131.783333
ZBL,Biloela,Australia,-24.39356403,150.4960746
ZBO,Bowen,Australia,-20.00132566,148.208669
ZGL,South Galway,Australia,-25.683333,142.116667
ZNE,Newman,Australia,-23.36659829,119.7333011
ZVG,Springvale,Australia,-17.8,127.633333
